Index,profile_id,wmo,date,timestamp,lat,lon,depth,theta0,split,source,temperature,scale,climatology,q,lower,upper
393,2901894_215.0_A,2901894,2020-06-07,2020-06-07T09:15:55,5.398,88.54700000000003,5.0,29.605342864990234,test,D2901894_215.nc,29.69072428234863,0.9947856340255736,29.715633238830563,0.3541965765351421,29.338374616390432,30.043073948306827
395,2901894_215.0_A,2901894,2020-06-07,2020-06-07T09:15:55,5.398,88.54700000000003,20.0,29.59018898010254,test,D2901894_215.nc,29.586373475097652,0.9947799242382049,29.62224856933593,0.7310621194331633,28.859127555314508,30.313619394880796
396,2901894_215.0_A,2901894,2020-06-07,2020-06-07T09:15:55,5.398,88.54700000000003,30.0,29.574323654174805,test,D2901894_215.nc,29.506612362487786,0.9947767196712494,29.546309915344235,1.418822900894538,28.09520037134147,30.918024353634102
398,2901894_215.0_A,2901894,2020-06-07,2020-06-07T09:15:55,5.398,88.54700000000003,75.0,27.178855895996094,test,D2901894_215.nc,27.77912933380128,0.9948462966499328,27.783711128601084,1.2376339761639084,26.547873756006485,29.010384911596073
399,2901894_215.0_A,2901894,2020-06-07,2020-06-07T09:15:55,5.398,88.54700000000003,100.0,24.728168487548828,test,D2901894_215.nc,25.117619212951656,0.9949873893241882,25.13993938098144,4.485901956817635,20.65420333617341,29.5810350897299
401,2901894_215.0_A,2901894,2020-06-07,2020-06-07T09:15:55,5.398,88.54700000000003,150.0,20.54260635375977,test,D2901894_215.nc,20.44937628973392,0.9952240416049958,20.442431263549835,2.235455894028086,18.22459684004958,22.67415573941826
403,2901894_215.0_A,2901894,2020-06-07,2020-06-07T09:15:55,5.398,88.54700000000003,300.0,13.41596794128418,test,D2901894_215.nc,13.04189497097779,0.9955264196510315,13.062539344055182,0.6422979618025567,12.402470380715336,13.681319561240244
405,2901894_215.0_A,2901894,2020-06-07,2020-06-07T09:15:55,5.398,88.54700000000003,700.0,8.831377983093262,test,D2901894_215.nc,8.695571305297852,0.9954421134109497,8.715183549713135,0.47987469578504066,8.217883823953155,9.173258786642549
421,2901895_217.0_A,2901895,2020-06-07,2020-06-07T09:15:40.999995648,5.594,89.54599999999999,5.0,29.69524574279785,test,D2901895_217.nc,29.686227709472654,0.9948483098258972,29.709114095092772,0.3541965765351421,29.33385584396055,30.038599574984758
427,2901895_217.0_A,2901895,2020-06-07,2020-06-07T09:15:40.999995648,5.594,89.54599999999999,100.0,25.014890670776367,test,D2901895_217.nc,25.138788659545895,0.995048513923645,25.15296995471191,4.485901956817635,20.675098583807337,29.602478735284453
431,2901895_217.0_A,2901895,2020-06-07,2020-06-07T09:15:40.999995648,5.594,89.54599999999999,300.0,14.433034896850586,test,D2901895_217.nc,13.214475028991696,0.9955786712989808,13.229808127807615,0.6422979618025567,12.575016877602263,13.85393318038113
464,2901898_216.0_A,2901898,2020-06-07,2020-06-07T08:25:30.000002560,11.3009,90.0774,10.0,29.523548126220703,test,D2901898_216.nc,29.545173994448856,0.9951756869011498,29.57099267093628,0.46142592397308446,29.085974133604942,30.00437385529277
467,2901898_216.0_A,2901898,2020-06-07,2020-06-07T08:25:30.000002560,11.3009,90.0774,50.0,26.68278312683105,test,D2901898_216.nc,28.68335991276245,0.9951981559770966,28.72341101524719,1.5457106208247604,27.145071553243437,30.221648272281467
469,2901898_216.0_A,2901898,2020-06-07,2020-06-07T08:25:30.000002560,11.3009,90.0774,100.0,21.26063346862793,test,D2901898_216.nc,21.914885395277096,0.995570178989582,21.95065797263916,4.485901956817635,17.448855181198446,26.380915609355746
471,2901898_216.0_A,2901898,2020-06-07,2020-06-07T08:25:30.000002560,11.3009,90.0774,150.0,16.806425094604492,test,D2901898_216.nc,16.739453240758056,0.9958349342575836,16.761359250040893,2.235455894028086,14.51330816749287,18.965598314023243
473,2901898_216.0_A,2901898,2020-06-07,2020-06-07T08:25:30.000002560,11.3009,90.0774,300.0,12.232413291931152,test,D2901898_216.nc,11.911009648135986,0.9959934474559402,11.92393266427063,0.6422979618025567,11.271285086866333,12.550734209405638
475,2901898_216.0_A,2901898,2020-06-07,2020-06-07T08:25:30.000002560,11.3009,90.0774,700.0,8.746649742126465,test,D2901898_216.nc,8.630910261364747,0.9958673098171044,8.646330509385377,0.47987469578504066,8.153018739023997,9.108801783705497
1,1901517_328.0_A,1901517,2020-06-08,2020-06-08T02:17:12.000239360,5.934,50.238,10.0,28.54915809631348,test,D1901517_328.nc,28.93575234802246,0.9939121301765441,28.96131847338867,0.46142592397308446,28.477135525007693,29.39436917103723
7,1901517_328.0_A,1901517,2020-06-08,2020-06-08T02:17:12.000239360,5.934,50.238,125.0,18.813215255737305,test,D1901517_328.nc,22.428404155151366,0.9942726783447265,22.4152845246582,0.5886165266857056,21.8431588246456,23.013649485657133
11,1901517_328.0_A,1901517,2020-06-08,2020-06-08T02:17:12.000239360,5.934,50.238,500.0,11.232110023498535,test,D1901517_328.nc,10.719712601501465,0.9947444932174683,10.743356994750977,0.5357712786621842,10.186757072428176,11.252668130574754
12,1901517_328.0_A,1901517,2020-06-08,2020-06-08T02:17:12.000239360,5.934,50.238,700.0,9.821091651916504,test,D1901517_328.nc,9.853573791625976,0.9946372420310974,9.875831553039552,0.47987469578504066,9.376272547689831,10.330875035562121
522,6902948_220.0_A,6902948,2020-06-08,2020-06-08T14:54:29.999999744,15.074101666666667,54.02319,30.0,29.99043655395508,test,D6902948_220.nc,30.16220553735568,0.9941534750565845,30.179413345554316,1.418822900894538,28.75167781994151,31.572733254769847
523,6902948_220.0_A,6902948,2020-06-08,2020-06-08T14:54:29.999999744,15.074101666666667,54.02319,50.0,29.90077018737793,test,D6902948_220.nc,27.868825715963947,0.9942975509529075,27.91121301606253,1.5457106208247604,26.331929431195988,29.405722000731906
524,6902948_220.0_A,6902948,2020-06-08,2020-06-08T14:54:29.999999744,15.074101666666667,54.02319,75.0,27.844629287719727,test,D6902948_220.nc,26.42435819845934,0.9943781613418504,26.419824740987995,1.2376339761639084,25.19368200082727,27.655034396091413
529,6902948_220.0_A,6902948,2020-06-08,2020-06-08T14:54:29.999999744,15.074101666666667,54.02319,300.0,15.497915267944336,test,D6902948_220.nc,15.741991734185616,0.9949218066992029,15.779394319463355,0.6422979618025567,15.102955485589801,16.381027982781433
530,6902948_220.0_A,6902948,2020-06-08,2020-06-08T14:54:29.999999744,15.074101666666667,54.02319,500.0,12.857669830322266,test,D6902948_220.nc,13.49295065788854,0.9949180086865761,13.520365708844137,0.5357712786621842,12.959902164210499,14.025999151566582
531,6902948_220.0_A,6902948,2020-06-08,2020-06-08T14:54:29.999999744,15.074101666666667,54.02319,700.0,11.105674743652344,test,D6902948_220.nc,11.91582205043516,0.994870151104279,11.941779854692165,0.47987469578504066,11.438409039328377,12.393235061541944
240,2902394_169.0_A,2902394,2020-06-09,2020-06-09T15:46:09.001676032,9.17095,85.66122000000001,75.0,22.75643920898437,test,D2902394_169.nc,23.524659984608647,0.9953362286292828,23.55687244636106,1.2376339761639084,22.2927980503502,24.756521918867094
241,2902394_169.0_A,2902394,2020-06-09,2020-06-09T15:46:09.001676032,9.17095,85.66122000000001,100.0,19.29245376586914,test,D2902394_169.nc,19.766753122889167,0.9955425722428274,19.815563102897592,4.485901956817635,15.300846749969805,24.232659495808527
242,2902394_169.0_A,2902394,2020-06-09,2020-06-09T15:46:09.001676032,9.17095,85.66122000000001,125.0,16.357986450195312,test,D2902394_169.nc,17.119149314169846,0.9956791319399729,17.128152695541093,0.5886165266857056,16.5330761218339,17.70522250650579
245,2902394_169.0_A,2902394,2020-06-09,2020-06-09T15:46:09.001676032,9.17095,85.66122000000001,300.0,11.375687599182127,test,D2902394_169.nc,11.407248968494084,0.9958685828687239,11.421681048314046,0.6422979618025567,10.767604607494302,12.046893329493866
247,2902394_169.0_A,2902394,2020-06-09,2020-06-09T15:46:09.001676032,9.17095,85.66122000000001,700.0,8.722168922424316,test,D2902394_169.nc,8.630703046105408,0.9957065347809373,8.646827715728257,0.47987469578504066,8.152888675636229,9.108517416574587
248,2902394_169.0_A,2902394,2020-06-09,2020-06-09T15:46:09.001676032,9.17095,85.66122000000001,1000.0,6.699244022369385,test,D2902394_169.nc,6.946731854635921,0.9955630887713041,6.963578936386959,0.7088849316414619,6.2409921825075125,7.652471526764329
139,2902390_171.0_A,2902390,2020-06-10,2020-06-10T17:32:50.001870080,15.99961,57.96724,20.0,29.972511291503903,test,D2902390_171.nc,29.730756420491957,0.9943878801427032,29.75668599648157,0.7310621194331633,29.003797109296183,30.45771573168773
140,2902390_171.0_A,2902390,2020-06-10,2020-06-10T17:32:50.001870080,15.99961,57.96724,30.0,29.867351531982425,test,D2902390_171.nc,29.38542482984817,0.9944041501672043,29.408883661125547,1.418822900894538,27.97454144884637,30.79630821084997
150,2902390_171.0_A,2902390,2020-06-10,2020-06-10T17:32:50.001870080,15.99961,57.96724,1000.0,9.082574844360352,test,D2902390_171.nc,9.668262787967095,0.9949702627431762,9.68822610080341,0.7088849316414619,8.96294336127711,10.373582214657079
104,2902388_171.0_A,2902388,2020-06-11,2020-06-11T05:57:12.000619264,8.94428,62.97009,125.0,22.78998374938965,test,D2902388_171.nc,23.104141275263075,0.994720500285619,23.113607895565295,0.5886165266857056,22.518632349361887,23.689650201164262
107,2902388_171.0_A,2902388,2020-06-11,2020-06-11T05:57:12.000619264,8.94428,62.97009,300.0,12.969758987426758,test,D2902388_171.nc,12.805901392170025,0.9952352626762776,12.825030118733252,0.6422979618025567,12.166663811439019,13.44513897290103
197,2902393_170.0_A,2902393,2020-06-11,2020-06-11T02:43:41.000276992,11.15309,68.40724,50.0,29.08928108215332,test,D2902393_170.nc,29.403120906803835,0.9945583906708269,29.442147047873267,1.5457106208247604,27.865821439313557,30.940420374294114
198,2902393_170.0_A,2902393,2020-06-11,2020-06-11T02:43:41.000276992,11.15309,68.40724,75.0,28.168212890625,test,D2902393_170.nc,28.15695094841376,0.9946212544469113,28.174704611616747,1.2376339761639084,26.92597389049549,29.387928006332025
199,2902393_170.0_A,2902393,2020-06-11,2020-06-11T02:43:41.000276992,11.15309,68.40724,100.0,26.49136543273925,test,D2902393_170.nc,26.381250867525523,0.9947182360976383,26.419742387175074,4.485901956817635,21.91904238573294,30.843459349318106
203,2902393_170.0_A,2902393,2020-06-11,2020-06-11T02:43:41.000276992,11.15309,68.40724,300.0,13.012892723083496,test,D2902393_170.nc,12.989138393921602,0.9954051528003582,13.009288565388202,0.6422979618025567,12.34979169311017,13.628485094733033
331,1901898_75.0_A,1901898,2020-06-12,2020-06-12T17:39:52.999998976,16.6852,56.58969999999999,75.0,23.69303703308105,test,D1901898_075.nc,24.301305404905996,0.9946992975784683,24.31388312225829,1.2376339761639084,23.07023175815651,25.532379051655482
336,1901898_75.0_A,1901898,2020-06-12,2020-06-12T17:39:52.999998976,16.6852,56.58969999999999,300.0,15.873698234558104,test,D1901898_075.nc,14.936668225072625,0.9951456570298767,14.959669079943229,0.6422979618025567,14.297488197865668,15.575848252279581
366,2901892_215.0_A,2901892,2020-06-12,2020-06-12T09:27:52.000003584,10.103,87.56,10.0,29.56027603149414,test,D2901892_215.nc,29.381015871887207,0.9950826783847808,29.40734287628174,0.46142592397308446,28.921858927583898,29.840172816190517
367,2901892_215.0_A,2901892,2020-06-12,2020-06-12T09:27:52.000003584,10.103,87.56,20.0,29.513633728027344,test,D2901892_215.nc,29.370054101867673,0.9950752548027039,29.39654917602539,0.7310621194331633,28.642592277096114,30.097515926639232
376,2901892_215.0_A,2901892,2020-06-12,2020-06-12T09:27:52.000003584,10.103,87.56,500.0,10.065542221069336,test,D2901892_215.nc,10.003714433746339,0.9958160785293579,10.026484107055664,0.5357712786621842,9.470184780040302,10.537244087452375
378,2901892_215.0_A,2901892,2020-06-12,2020-06-12T09:27:52.000003584,10.103,87.56,1000.0,6.896999359130859,test,D2901892_215.nc,6.827377424697875,0.9955911941432952,6.845790453796387,0.7088849316414619,6.121617829094764,7.533137020300987
292,5905083_121.0_A,5905083,2020-06-13,2020-06-13T22:41:59.002419968,10.06,67.68700000000001,20.0,30.189847946166992,test,D5905083_121.nc,30.061985311889647,0.9945677472209928,30.091060997009272,0.7310621194331633,29.3348945066864,30.789076117092893
296,5905083_121.0_A,5905083,2020-06-13,2020-06-13T22:41:59.002419968,10.06,67.68700000000001,100.0,25.519943237304688,test,D5905083_121.nc,25.94063395111083,0.9947776700305937,25.988148399353015,4.485901956817635,21.4781588545221,30.40310904769956
532,6902948_221.0_A,6902948,2020-06-13,2020-06-13T14:46:30,14.733411666666669,53.77748666666668,5.0,30.165510177612305,test,D6902948_221.nc,30.425019645793547,0.9941630429195313,30.449447515059397,0.3541965765351421,30.07289049947369,30.777148792113405
534,6902948_221.0_A,6902948,2020-06-13,2020-06-13T14:46:30,14.733411666666669,53.77748666666668,20.0,30.16544532775879,test,D6902948_221.nc,30.410848978249817,0.9941525312865772,30.435172570965374,0.7310621194331633,29.68406172168761,31.137636234812025
535,6902948_221.0_A,6902948,2020-06-13,2020-06-13T14:46:30,14.733411666666669,53.77748666666668,30.0,30.14574432373047,test,D6902948_221.nc,30.271948970716934,0.9941545673771063,30.289521744020586,1.418822900894538,28.861419703493393,31.682478237940476
536,6902948_221.0_A,6902948,2020-06-13,2020-06-13T14:46:30,14.733411666666669,53.77748666666668,50.0,29.7940616607666,test,D6902948_221.nc,27.737991253320473,0.9943150439159233,27.763259956911604,1.5457106208247604,26.201067929493792,29.274914577147154
540,6902948_221.0_A,6902948,2020-06-13,2020-06-13T14:46:30,14.733411666666669,53.77748666666668,150.0,24.31176948547364,test,D6902948_221.nc,23.492524589025777,0.994528123188577,23.500432609796665,2.235455894028086,21.26930083426718,25.715748343784373
62,1902194_76.0_A,1902194,2020-06-14,2020-06-14T19:48:37.002108160,5.553,65.601,100.0,22.350488662719727,test,D1902194_076.nc,23.97812939804077,0.9946431963224411,23.99052779953003,4.485901956817635,19.516257537322584,28.440001258758958
67,1902194_76.0_A,1902194,2020-06-14,2020-06-14T19:48:37.002108160,5.553,65.601,500.0,10.578706741333008,test,D1902194_076.nc,10.51856364428711,0.9951449499025344,10.540065625335696,0.5357712786621842,9.985393562023614,11.051733726550605
69,1902194_76.0_A,1902194,2020-06-14,2020-06-14T19:48:37.002108160,5.553,65.601,1000.0,7.394999980926514,test,D1902194_076.nc,7.304060435150146,0.9949147743358612,7.32321848361206,0.7088849316414619,6.598780343355989,8.009340526944303
437,2901895_218.0_A,2901895,2020-06-17,2020-06-17T09:25:57.000003840,5.773,89.149,20.0,29.715944290161133,test,D2901895_218.nc,29.563343836547855,0.9950405364770889,29.580872702545165,0.7310621194331633,28.835907393029004,30.290780280066706
441,2901895_218.0_A,2901895,2020-06-17,2020-06-17T09:25:57.000003840,5.773,89.149,100.0,25.21410751342773,test,D2901895_218.nc,25.624761802398684,0.9952134653196335,25.611616445770267,4.485901956817635,21.16033177087008,30.089191833927288
444,2901895_218.0_A,2901895,2020-06-17,2020-06-17T09:25:57.000003840,5.773,89.149,200.0,17.753644943237305,test,D2901895_218.nc,17.006735993896484,0.9956355520086289,17.044607480438238,1.5003213281375858,15.5129627401659,18.50050924762707
445,2901895_218.0_A,2901895,2020-06-17,2020-06-17T09:25:57.000003840,5.773,89.149,300.0,13.34502410888672,test,D2901895_218.nc,12.847813325073242,0.9957864830532074,12.853172688079834,0.6422979618025567,12.208221696617631,13.487404953528852
446,2901895_218.0_A,2901895,2020-06-17,2020-06-17T09:25:57.000003840,5.773,89.149,500.0,10.117362022399902,test,D2901895_218.nc,10.253809868637083,0.995761960261345,10.268117286697388,0.5357712786621842,9.720309209944698,10.787310527329467
447,2901895_218.0_A,2901895,2020-06-17,2020-06-17T09:25:57.000003840,5.773,89.149,700.0,8.574630737304688,test,D2901895_218.nc,8.649608387817382,0.9956819977626801,8.665511410675048,0.47987469578504066,8.171805792042374,9.127410983592391
478,2901898_217.0_A,2901898,2020-06-17,2020-06-17T06:57:23.000003328,10.9571,90.02769999999998,10.0,29.254545211791992,test,D2901898_217.nc,29.271899311751405,0.995292327456169,29.297958779783933,0.46142592397308446,28.81264562993162,29.73115299357119
485,2901898_217.0_A,2901898,2020-06-17,2020-06-17T06:57:23.000003328,10.9571,90.02769999999998,150.0,17.878219604492188,test,D2901898_217.nc,17.54620730523651,0.9958697566744805,17.562343066104734,2.235455894028086,15.319984387994227,19.772430222478793
488,2901898_217.0_A,2901898,2020-06-17,2020-06-17T06:57:23.000003328,10.9571,90.02769999999998,500.0,10.24570083618164,test,D2901898_217.nc,10.220099291666257,0.995992705313015,10.238592699382627,0.5357712786621842,9.686475006402494,10.75372357693002
489,2901898_217.0_A,2901898,2020-06-17,2020-06-17T06:57:23.000003328,10.9571,90.02769999999998,700.0,8.812491416931152,test,D2901898_217.nc,8.662872061100316,0.995915161763544,8.6811108397284,0.47987469578504066,8.184957575821326,9.140786546379307
25,1901517_329.0_A,1901517,2020-06-18,2020-06-18T20:11:26.002161664,6.048,49.94499999999999,500.0,10.778153419494627,test,D1901517_329.nc,11.135442466278091,0.9948303593444824,11.154476424255385,0.5357712786621842,10.602440932600137,11.668443999956045
549,6902948_222.0_A,6902948,2020-06-18,2020-06-18T15:02:29.999999744,14.712061666666669,53.447848333333326,30.0,29.19708251953125,test,D6902948_222.nc,29.75412154613051,0.9942926721833797,29.791004192428,1.418822900894538,28.343396332645106,31.164846759615912
551,6902948_222.0_A,6902948,2020-06-18,2020-06-18T15:02:29.999999744,14.712061666666669,53.447848333333326,75.0,26.10000801086425,test,D6902948_222.nc,25.62027785960335,0.9945415073352957,25.63180406803329,1.2376339761639084,24.38939949941992,26.851156219786777
554,6902948_222.0_A,6902948,2020-06-18,2020-06-18T15:02:29.999999744,14.712061666666669,53.447848333333326,150.0,22.623815536499023,test,D6902948_222.nc,22.681445899244274,0.9946806819061732,22.68452898596751,2.235455894028086,20.457881106201242,24.905010692287306
558,6902948_222.0_A,6902948,2020-06-18,2020-06-18T15:02:29.999999744,14.712061666666669,53.447848333333326,700.0,11.2261381149292,test,D6902948_222.nc,11.737799630473013,0.9949592020874156,11.7596371144017,0.47987469578504066,11.260343886052787,12.215255374893239
249,2902394_170.0_A,2902394,2020-06-19,2020-06-19T07:53:29.000827904,8.42457,86.10654999999997,5.0,30.11285400390625,test,D2902394_170.nc,29.762204143459414,0.9951129935607486,29.78711985656635,0.3541965765351421,29.40973852787456,30.11466975904427
252,2902394_170.0_A,2902394,2020-06-19,2020-06-19T07:53:29.000827904,8.42457,86.10654999999997,30.0,29.898134231567383,test,D2902394_170.nc,29.70687628237451,0.9950952593894802,29.731215959390305,1.418822900894538,28.295012339781124,31.118740224967894
256,2902394_170.0_A,2902394,2020-06-19,2020-06-19T07:53:29.000827904,8.42457,86.10654999999997,125.0,16.868392944335938,test,D2902394_170.nc,18.045714187395884,0.9957138593583998,18.048821990150966,0.5886165266857056,17.45962055392752,18.631807820864246
261,2902394_170.0_A,2902394,2020-06-19,2020-06-19T07:53:29.000827904,8.42457,86.10654999999997,700.0,8.737025260925293,test,D2902394_170.nc,8.628985743327945,0.9957593432602057,8.647357538977687,0.47987469578504066,8.151146031405842,9.106825455250048
154,2902390_172.0_A,2902390,2020-06-20,2020-06-20T10:00:20.001072896,15.73493,58.05752000000001,30.0,28.99112892150879,test,D2902390_172.nc,28.833962580106338,0.9945988381403267,28.860658208861175,1.418822900894538,27.422802971349743,30.245122188862933
157,2902390_172.0_A,2902390,2020-06-20,2020-06-20T10:00:20.001072896,15.73493,58.05752000000001,100.0,23.779497146606445,test,D2902390_172.nc,24.228295095575554,0.994853031854522,24.27075455606186,4.485901956817635,19.765481933233396,28.691108257917712
219,2902393_171.0_A,2902393,2020-06-20,2020-06-20T18:34:18.001980416,11.31465,68.61403999999999,700.0,9.9688081741333,test,D2902393_171.nc,9.864596246300021,0.99542814234202,9.883914239618258,0.47987469578504066,9.386915469317776,10.342277023282266
112,2902388_172.0_A,2902388,2020-06-21,2020-06-21T03:19:55.000349440,9.15099,63.279330000000016,20.0,29.25908470153809,test,D2902388_172.nc,29.532513114921507,0.9945429492845752,29.560582710813343,0.7310621194331633,28.805440438550217,30.259585791292796
113,2902388_172.0_A,2902388,2020-06-21,2020-06-21T03:19:55.000349440,9.15099,63.279330000000016,30.0,29.25662612915039,test,D2902388_172.nc,29.537000352164117,0.9945341941136263,29.566082656103948,1.418822900894538,28.12593246183301,30.948068242495225
115,2902388_172.0_A,2902388,2020-06-21,2020-06-21T03:19:55.000349440,9.15099,63.279330000000016,75.0,28.09436416625977,test,D2902388_172.nc,28.015978633725595,0.9945979045004886,28.038605317288148,1.2376339761639084,26.785030474494363,29.246926792956828
116,2902388_172.0_A,2902388,2020-06-21,2020-06-21T03:19:55.000349440,9.15099,63.279330000000016,100.0,25.78862190246582,test,D2902388_172.nc,25.85954445481988,0.994719616221743,25.907637771278097,4.485901956817635,21.397329781925876,30.321759127713882
118,2902388_172.0_A,2902388,2020-06-21,2020-06-21T03:19:55.000349440,9.15099,63.279330000000016,150.0,20.69960594177246,test,D2902388_172.nc,19.734827065282687,0.9950740820879022,19.746387112335757,2.235455894028086,17.5103828434847,21.959271287080675
120,2902388_172.0_A,2902388,2020-06-21,2020-06-21T03:19:55.000349440,9.15099,63.279330000000016,300.0,12.842205047607422,test,D2902388_172.nc,13.025697681550675,0.9953667067324261,13.046256265218673,0.6422979618025567,12.386375674570314,13.665019688531036
121,2902388_172.0_A,2902388,2020-06-21,2020-06-21T03:19:55.000349440,9.15099,63.279330000000016,500.0,11.306396484375,test,D2902388_172.nc,11.39321492239618,0.9952968316095072,11.412362979909567,0.5357712786621842,10.859963466276334,11.926466378516025
383,2901892_216.0_A,2901892,2020-06-22,2020-06-22T09:34:51.999998720,9.925,87.71699999999998,50.0,29.78000259399414,test,D2901892_216.nc,28.19423867721555,0.9953241721630096,28.232902980804422,1.5457106208247604,26.655755533139576,29.732721821291527
385,2901892_216.0_A,2901892,2020-06-22,2020-06-22T09:34:51.999998720,9.925,87.71699999999998,100.0,19.6914005279541,test,D2901892_216.nc,21.40612098236082,0.9956848532915115,21.43921916046141,4.485901956817635,16.93957635060675,25.872665614114894
388,2901892_216.0_A,2901892,2020-06-22,2020-06-22T09:34:51.999998720,9.925,87.71699999999998,200.0,13.4100980758667,test,D2901892_216.nc,13.774088611602785,0.9960348484754562,13.801737374496462,1.5003213281375858,12.279716284866769,15.268460938338801
389,2901892_216.0_A,2901892,2020-06-22,2020-06-22T09:34:51.999998720,9.925,87.71699999999998,300.0,11.69417953491211,test,D2901892_216.nc,11.643126945495608,0.9960678643465042,11.668834564971927,0.6422979618025567,11.003354586408822,12.282899304582394
390,2901892_216.0_A,2901892,2020-06-22,2020-06-22T09:34:51.999998720,9.925,87.71699999999998,500.0,9.987541198730469,test,D2901892_216.nc,9.93779983558655,0.9959918684482575,9.95921304740906,0.5357712786621842,9.404175998690889,10.47142367248221
305,5905083_122.0_A,5905083,2020-06-23,2020-06-23T22:09:07.002373376,10.013,67.47800000000001,10.0,29.703632354736328,test,D5905083_122.nc,29.654371445861813,0.9946988007240296,29.67765327642822,0.46142592397308446,29.19539163266281,30.113351259060817
308,5905083_122.0_A,5905083,2020-06-23,2020-06-23T22:09:07.002373376,10.013,67.47800000000001,50.0,29.70657730102539,test,D5905083_122.nc,29.58922710192871,0.9946691307582854,29.630043645141598,1.5457106208247604,28.051756462309097,31.126697741548323
313,5905083_122.0_A,5905083,2020-06-23,2020-06-23T22:09:07.002373376,10.013,67.47800000000001,200.0,15.272482872009276,test,D5905083_122.nc,15.27176700860595,0.9954512536449431,15.301040107696528,1.5003213281375858,13.778270261641143,16.765263755570757
314,5905083_122.0_A,5905083,2020-06-23,2020-06-23T22:09:07.002373376,10.013,67.47800000000001,300.0,12.79136848449707,test,D5905083_122.nc,12.627951945312498,0.9955265005168914,12.64747420697021,0.6422979618025567,11.988527303110066,13.26737658751493
70,1902194_77.0_A,1902194,2020-06-24,2020-06-24T18:38:04.001986304,5.456,65.59100000000001,5.0,29.904756546020508,test,D1902194_077.nc,29.869881310546877,0.9945291915874481,29.896096549499514,0.3541965765351421,29.51762247562234,30.222140145471414
73,1902194_77.0_A,1902194,2020-06-24,2020-06-24T18:38:04.001986304,5.456,65.59100000000001,30.0,29.89363670349121,test,D1902194_077.nc,29.821286356384277,0.9945103140735627,29.86702391607666,1.418822900894538,28.41025234760089,31.232320365167666
76,1902194_77.0_A,1902194,2020-06-24,2020-06-24T18:38:04.001986304,5.456,65.59100000000001,100.0,20.53717422485352,test,D1902194_077.nc,24.236365547241206,0.9948110627746583,24.252279424804684,4.485901956817635,19.773740654076533,28.69899044040588
80,1902194_77.0_A,1902194,2020-06-24,2020-06-24T18:38:04.001986304,5.456,65.59100000000001,300.0,11.74899959564209,test,D1902194_077.nc,11.99475860699463,0.9953904324054719,12.018430209960938,0.6422979618025567,11.35542136106283,12.63409585292643
408,2901894_217.0_A,2901894,2020-06-27,2020-06-27T09:15:27.999995648,5.197,88.488,10.0,29.293346405029297,test,D2901894_217.nc,29.453863278442384,0.9952071023273468,29.494370362731935,0.46142592397308446,28.99464892170641,29.913077635178357
411,2901894_217.0_A,2901894,2020-06-27,2020-06-27T09:15:27.999995648,5.197,88.488,50.0,26.866783142089844,test,D2901894_217.nc,28.07435067059326,0.9952549591655732,28.121423183044435,1.5457106208247604,26.535974509782523,29.612726831404
412,2901894_217.0_A,2901894,2020-06-27,2020-06-27T09:15:27.999995648,5.197,88.488,75.0,24.780366897583008,test,D2901894_217.nc,26.252280612365723,0.9953419646396637,26.271807770629884,1.2376339761639084,25.02041157902594,27.484149645705507
419,2901894_217.0_A,2901894,2020-06-27,2020-06-27T09:15:27.999995648,5.197,88.488,700.0,8.267502784729004,test,D2901894_217.nc,8.294525255432129,0.9957986903953553,8.313295043884278,0.47987469578504066,7.816666661815516,8.772383849048742
420,2901894_217.0_A,2901894,2020-06-27,2020-06-27T09:15:27.999995648,5.197,88.488,1000.0,6.361998558044434,test,D2901894_217.nc,6.437505867324829,0.9956303673171998,6.455599348358154,0.7088849316414619,5.731718502449012,7.143293232200645
450,2901895_219.0_A,2901895,2020-06-27,2020-06-27T09:18:27.000000512,6.332,88.71699999999998,10.0,29.49076461791992,test,D2901895_219.nc,29.44055482629395,0.9952883729038239,29.46851521264649,0.46142592397308446,28.981302969207135,29.899806683380767
453,2901895_219.0_A,2901895,2020-06-27,2020-06-27T09:18:27.000000512,6.332,88.71699999999998,50.0,27.7792911529541,test,D2901895_219.nc,27.87155211230466,0.9953484476394654,27.870007437927217,1.5457106208247604,26.3330314453669,29.41007277924242
498,2901898_218.0_A,2901898,2020-06-27,2020-06-27T08:45:43.000001536,10.3785,89.7217,125.0,19.393722534179688,test,D2901898_218.nc,20.412460476008604,0.9959008778668403,20.40893452494354,0.5886165266857056,19.82625676035538,20.998664191661828
499,2901898_218.0_A,2901898,2020-06-27,2020-06-27T08:45:43.000001536,10.3785,89.7217,150.0,17.579872131347656,test,D2901898_218.nc,18.036129773080443,0.9960149316070079,18.050982027899167,2.235455894028086,15.809582323679576,20.26267722248131
503,2901898_218.0_A,2901898,2020-06-27,2020-06-27T08:45:43.000001536,10.3785,89.7217,700.0,8.888374328613281,test,D2901898_218.nc,8.694365107699586,0.9960574276981354,8.712639354525757,0.47987469578504066,8.216382352598513,9.172347862800658
264,2902394_171.0_A,2902394,2020-06-28,2020-06-28T23:55:26.002547456,7.97255,85.97653000000003,20.0,29.33393859863281,test,D2902394_171.nc,29.384323769908487,0.9953376130623302,29.40936192680571,0.7310621194331633,28.656670144951594,30.11197739486538
270,2902394_171.0_A,2902394,2020-06-28,2020-06-28T23:55:26.002547456,7.97255,85.97653000000003,150.0,14.43547821044922,test,D2902394_171.nc,15.669511687391253,0.9960325691967096,15.688553324634027,2.235455894028086,13.442924809936532,17.896098564845975
271,2902394_171.0_A,2902394,2020-06-28,2020-06-28T23:55:26.002547456,7.97255,85.97653000000003,200.0,12.914813041687012,test,D2902394_171.nc,13.653640008634707,0.9961018527837857,13.686712883008923,1.5003213281375858,12.159167153905827,15.148112863363586
272,2902394_171.0_A,2902394,2020-06-28,2020-06-28T23:55:26.002547456,7.97255,85.97653000000003,300.0,11.418192863464355,test,D2902394_171.nc,11.766323787527138,0.9961181364597815,11.7817235262503,0.6422979618025567,11.12651913876446,12.406128436289817
273,2902394_171.0_A,2902394,2020-06-28,2020-06-28T23:55:26.002547456,7.97255,85.97653000000003,500.0,9.93893051147461,test,D2902394_171.nc,9.958121440457006,0.9960403667599425,9.974751801250388,0.5357712786621842,9.424471619558881,10.491771261355131
33,1901517_330.0_A,1901517,2020-06-29,2020-06-29T14:05:38.001509376,6.114,50.594,75.0,27.076234817504883,test,D1901517_330.nc,26.779455102783206,0.9943449546813965,26.793484420043946,1.2376339761639084,25.548820002842348,28.010090202724065
34,1901517_330.0_A,1901517,2020-06-29,2020-06-29T14:05:38.001509376,6.114,50.594,100.0,20.281333923339844,test,D1901517_330.nc,23.60417790917969,0.9945369932136536,23.63001051513672,4.485901956817635,19.142782465195033,28.065573353164346
35,1901517_330.0_A,1901517,2020-06-29,2020-06-29T14:05:38.001509376,6.114,50.594,125.0,17.681413650512695,test,D1901517_330.nc,20.594547402587892,0.9947146437530517,20.58850845178223,0.5886165266857056,20.00904192393856,21.180052881237224
126,2902388_173.0_A,2902388,2020-06-30,2020-06-30T19:00:10.002038272,9.40884,63.55229,20.0,29.07110595703125,test,D2902388_173.nc,28.937396664615637,0.9947830372437942,28.96598700071201,0.7310621194331633,28.210148469032028,29.664644860199246
127,2902388_173.0_A,2902388,2020-06-30,2020-06-30T19:00:10.002038272,9.40884,63.55229,30.0,29.069725036621094,test,D2902388_173.nc,28.91070320350983,0.9947759850478783,28.942182107642385,1.418822900894538,27.499292254663978,30.32211415235568
134,2902388_173.0_A,2902388,2020-06-30,2020-06-30T19:00:10.002038272,9.40884,63.55229,300.0,12.876751899719238,test,D2902388_173.nc,13.140874242534556,0.9955390068471126,13.160170937559185,0.6422979618025567,12.501441567541715,13.780306917527398
165,2902390_173.0_A,2902390,2020-06-30,2020-06-30T02:19:26.000241920,15.45367,58.11722,5.0,28.77467918395996,test,D2902390_173.nc,28.191658540821976,0.9948744564995022,28.212099089589238,0.3541965765351421,27.839277414247594,28.54403966739636
178,2902390_173.0_A,2902390,2020-06-30,2020-06-30T02:19:26.000241920,15.45367,58.11722,1000.0,8.920248985290527,test,D2902390_173.nc,8.907097556011317,0.9952695381209957,8.925037789335246,0.7088849316414619,8.201565977515585,9.61262913450705
226,2902393_172.0_A,2902393,2020-06-30,2020-06-30T10:20:12.001101824,11.45846,68.95589000000001,75.0,27.1583309173584,test,D2902393_172.nc,27.69102806691008,0.9950362024571701,27.707437968798452,1.2376339761639084,26.459537455235974,28.922518678584183
228,2902393_172.0_A,2902393,2020-06-30,2020-06-30T10:20:12.001101824,11.45846,68.95589000000001,125.0,21.53091621398925,test,D2902393_172.nc,22.35811250785808,0.995331460767618,22.362776550807766,0.5886165266857056,21.772243960520036,22.943981055196126
230,2902393_172.0_A,2902393,2020-06-30,2020-06-30T10:20:12.001101824,11.45846,68.95589000000001,200.0,15.015996932983398,test,D2902393_172.nc,15.617656295993257,0.9956805392993591,15.645092987579153,1.5003213281375858,14.123815546870894,17.11149704511562
